name,is_company,child_ids,user_id,street,zip,FAX,phone,email,comment,property_payment_term,
A.G.S.,1,Sr.AntonioGarciaSanchez,Antonio Lopez,"c,PasseigEstacio,43",43550,,6162293,,"Direcciondeentregadelamercancia:
CarrefourErandioS.A.(Mantenimiento)
LataondoBidean?2
48950-Erandio
Bizkaia",30 días netos,
A.R.SystemasS.L.,1,Sr.JavierdeCastro,Antonio Lopez,Ctra.BenicarlocaligKM2.200,12580,964461494,964467140,,"Direcciondeentregadelamercancia:
CarrefourErandioS.A.(Mantenimiento)
LataondoBidean?2
48950-Erandio
Bizkaia",30 días netos,
ADRAL.MatriceriaPaP.SL,1,,Vanesa,Pol.Ind.Santelices,48550,946709935,946323030,,"Direcciondeentregadelamercancia:
CarrefourErandioS.A.(Mantenimiento)
LataondoBidean?2
48950-Erandio
Bizkaia",30 días netos,
"ADUSA,S.L.",1,"FelixSobron***,Ander*****,JuanCarlos***",Vanesa,"C,Capelamendin?12Bajo",1013,945266390,945253542,adusa@sea.es,"Direcciondeentregadelamercancia:
CarrefourErandioS.A.(Mantenimiento)
LataondoBidean?2
48950-Erandio
Bizkaia",30 días netos,
AEROTEAM,1,"SoniaSantos,JoseMiguelMarzal,Alejo",Vanesa,"Pol.Ind.Sangroniz,38-Pab5",48150,944037978,944037977,produccion@aeroteam.biz,"Direcciondeentregadelamercancia:
CarrefourErandioS.A.(Mantenimiento)
LataondoBidean?2
48950-Erandio
Bizkaia",30 días netos,
"AIBE,S.A.",1,"Sr.YosuUrizarbarrena,JonEzpeleta,Alberdi",Ander,"GisastuBide,3",20600,943121314,943120500,jon@aibe.es,"Direcciondeentregadelamercancia:
CarrefourErandioS.A.(Mantenimiento)
LataondoBidean?2
48950-Erandio
Bizkaia",30 días netos,
AIRNAVITOOLI+DS.L.,1,Sr.MiguelDominguezMorales,Airnavitool,"Pol.Ind.GuadalquivirC,FormacionN?10-1?",41120,954101813,955611266,AIRNAVITOOL@telefonica.net,"Direcciondeentregadelamercancia:
CarrefourErandioS.A.(Mantenimiento)
LataondoBidean?2
48950-Erandio
Bizkaia",30 días netos,
"AITORZUBILLAGA,S.L.",1,Sr.AitorZubillaga,Ander,"LizarragaHiribidea,12",20577,943766420,943766420,,"Direcciondeentregadelamercancia:
CarrefourErandioS.A.(Mantenimiento)
LataondoBidean?2
48950-Erandio
Bizkaia",30 días netos,
ALBAS.A.,1,"Sr.AlbertoAzkunaga***,Sr.Gorka,Sr.angel",Vanesa,"Ctra.Sangroniz,34",48150,944531754,944711600,albertoazkunaga@alba.es,"Direcciondeentregadelamercancia:
CarrefourErandioS.A.(Mantenimiento)
LataondoBidean?2
48950-Erandio
Bizkaia",30 días netos,
ALFAIDEI,1,"Sr.Mario*****,RichardDiez,GorkaCuevas**",Ander,"Avda.Otaola,4",20600,943204038,943820300,ot.utilalfa@alfalan.es,"Direcciondeentregadelamercancia:
CarrefourErandioS.A.(Mantenimiento)
LataondoBidean?2
48950-Erandio
Bizkaia",30 días netos,
ALFONSOROASANCHEZ,1,Sr.Alfonso,Eder,"c,AlfonsoXII,653-1?N",8918,,,,"Direcciondeentregadelamercancia:
CarrefourErandioS.A.(Mantenimiento)
LataondoBidean?2
48950-Erandio
Bizkaia",30 días netos,
ALPEMecanizadosS.L,1,SR.JoseVila,Ander,"C,Olasope6Pab.66-2",20870,,943743628,,"Direcciondeentregadelamercancia:
CarrefourErandioS.A.(Mantenimiento)
LataondoBidean?2
48950-Erandio
Bizkaia",30 días netos,
"AltechMould,S.L.",1,"AdrianConal,LoreaAzkona",Vanesa,"IGORREKOINDUSTRIALDEA
c,Industrialdea,PabellonF-6",48140,946315563,946311711,adrian.conal@altechmould.com,"Direcciondeentregadelamercancia:
CarrefourErandioS.A.(Mantenimiento)
LataondoBidean?2
48950-Erandio
Bizkaia",30 días netos,
"AMES,S.A.",1,,IMS,Ctra.LaureaMiron?388,8980,936854488,936855111,sales@ames.es,"Direcciondeentregadelamercancia:
CarrefourErandioS.A.(Mantenimiento)
LataondoBidean?2
48950-Erandio
Bizkaia",30 días netos,
ANDIA.S.A.L.ConstruccionesElectricas,1,Sr.JosebaSolaegiOrdorika,Vanesa,"B?.Arane,1",48300,946255522,946250405,ingenieria@ce-andia.com,"Direcciondeentregadelamercancia:
CarrefourErandioS.A.(Mantenimiento)
LataondoBidean?2
48950-Erandio
Bizkaia",30 días netos,
"ANTONINOMecanizados,S.L.",1,Sr.IgorGonzalez-Txabarri,Ander,"Pol.Ind.Tejeria,Pab5",20749,943148345,943148105,mantonino@euskalnet.net,"Direcciondeentregadelamercancia:
CarrefourErandioS.A.(Mantenimiento)
LataondoBidean?2
48950-Erandio
Bizkaia",30 días netos,
"APLIND,SuministrosIndustriales.",1,Sr.JoseFerreroHerrero,Eder,"c,PicosdeEuropa,9Bajo",39300,942804855,942083949,aplind@aplind.com,"Direcciondeentregadelamercancia:
CarrefourErandioS.A.(Mantenimiento)
LataondoBidean?2
48950-Erandio
Bizkaia",30 días netos,
"ARAMecanicas,S.A",1,Sr.JoseIgnacioRojo,Vanesa,"DerioBidea,55",48100,946744365,946741050,nr@araelectromecanica.com,"Direcciondeentregadelamercancia:
CarrefourErandioS.A.(Mantenimiento)
LataondoBidean?2
48950-Erandio
Bizkaia",30 días netos,
"ARALUCE,S.A.",1,"Sr.Intxaurbe***,Sr.MiguelSierra,Alicia",Vanesa,"BarrioSanJuan,13",48140,946305907,946305900,mintxaurbe@araluce.com,"Direcciondeentregadelamercancia:
CarrefourErandioS.A.(Mantenimiento)
LataondoBidean?2
48950-Erandio
Bizkaia",30 días netos,
"AraniaTalleres,S.L.",1,FernandoVegasZelaya,Ander,Pol.Ind.Isasia.ParcelaG-n?5,31800,948567330,948563568,talleresarania@infonegocio.com,"Direcciondeentregadelamercancia:
CarrefourErandioS.A.(Mantenimiento)
LataondoBidean?2
48950-Erandio
Bizkaia",30 días netos,
"ARATZTalleres,S.A.",1,"Sr.IkerArroniz,Sr.JavierBalsategui",Vanesa,"Pol.Ind.Gamarra.C,Barratxi,37",1013,945289046,945122200,aratz@sea.es,"Direcciondeentregadelamercancia:
CarrefourErandioS.A.(Mantenimiento)
LataondoBidean?2
48950-Erandio
Bizkaia",30 días netos,
ARAUCAS.L.,1,,Ander,"C,Idiakez(CasaMuno35)",20720,943,943,,"Direcciondeentregadelamercancia:
CarrefourErandioS.A.(Mantenimiento)
LataondoBidean?2
48950-Erandio
Bizkaia",30 días netos,
"ARRECHETalleres,S.A",1,"Sr.Arkaitzlacalle,Nekane",Ander,"c,PadreLarramendi,32",20400,943672407,943674799,comercial@arreche.es,"Direcciondeentregadelamercancia:
CarrefourErandioS.A.(Mantenimiento)
LataondoBidean?2
48950-Erandio
Bizkaia",30 días netos,
"ARRIETAMEKANIKA,S.L",1,Sr.JoseRamonArrietaLarreategui,Vanesa,Pol.Ind.Otaola.Apdo.54,48270,946169093,946169092,arrietamekanika@telefonica.net,"Direcciondeentregadelamercancia:
CarrefourErandioS.A.(Mantenimiento)
LataondoBidean?2
48950-Erandio
Bizkaia",30 días netos,
"ARROYOSS.Industriales,S.A.",1,"Sr.Joaquin,Luis,Laura,Victoria",Arroyos,"c,Escornalbou,39",8041,934330121,934559407,arroyos@arroyos.com,"Direcciondeentregadelamercancia:
CarrefourErandioS.A.(Mantenimiento)
LataondoBidean?2
48950-Erandio
Bizkaia",30 días netos,
AsierDiazBarriobero,1,AsierDiaz,Ander,"Aitzuri,18-3?A",20750,,943206809,ritximore@hotmail.com,"Direcciondeentregadelamercancia:
CarrefourErandioS.A.(Mantenimiento)
LataondoBidean?2
48950-Erandio
Bizkaia",30 días netos,
"AURRENAK,S.Coop.",1,"Sr.JavierBeltran,Manuela,Sr.InigoVelasco",Vanesa,"Vitorialanda,15(Ali-Gobeo)",1010,945246912,945244850,javierb@aurrenak.com,"Direcciondeentregadelamercancia:
CarrefourErandioS.A.(Mantenimiento)
LataondoBidean?2
48950-Erandio
Bizkaia",30 días netos,
AUXITECS.L.,1,Sr.JonIrizarIntxausti,Vanesa,"Pol.IndJundiz,Pauleta23",1015,945290451,945290006,auxitec@auxitecnica.com,"Direcciondeentregadelamercancia:
CarrefourErandioS.A.(Mantenimiento)
LataondoBidean?2
48950-Erandio
Bizkaia",30 días netos,
"AUXMAT,S.L.",1,"Sr.Unai,Sta.Ainara",Vanesa,"BizkaiaKalea,2Pol.Ind.Elotxelerri",48180,944533853,944533052,auxmat@clientes.esuskaltel.es,"Direcciondeentregadelamercancia:
CarrefourErandioS.A.(Mantenimiento)
LataondoBidean?2
48950-Erandio
Bizkaia",30 días netos,
AXPEMecanizados,1,"Sr.XabierAxpe,Sta.Nerea,Mikel",Ander,"BergarakoInd.c,Telleria19P-B6",20570,943109775,943765802,info@mecanizadosaxpe.com,"Direcciondeentregadelamercancia:
CarrefourErandioS.A.(Mantenimiento)
LataondoBidean?2
48950-Erandio
Bizkaia",30 días netos,
"Azol-GasMecanizados,S.L.",1,"Sr.LuisAlonso,Sr.Juan,Idoia,Cristina",Vanesa,"C,Arriurdina1Pol.Ind.Jundiz",1015,945291891,945291890,lalonso@azolgas.es,"Direcciondeentregadelamercancia:
CarrefourErandioS.A.(Mantenimiento)
LataondoBidean?2
48950-Erandio
Bizkaia",30 días netos,
Bazkidek,1,Sr.Txomin,Vanesa,"Ibarra,12-n?37",48300,946251853,946250432,comercial@bazkidek.com,"Direcciondeentregadelamercancia:
CarrefourErandioS.A.(Mantenimiento)
LataondoBidean?2
48950-Erandio
Bizkaia",30 días netos,
"BediaCaldereria,S.A.L.",1,Sr.AlbertoMaguregiZabala,Vanesa,"BarrioMurtaza,3",48390,946314338,946313821,c.bedia@teleline.es,"Direcciondeentregadelamercancia:
CarrefourErandioS.A.(Mantenimiento)
LataondoBidean?2
48950-Erandio
Bizkaia",30 días netos,
"BEITroqueles,S.L.",1,"Sr.BenitoMartinezPerez,IbaiMartinez",Vanesa,Pol.Ind.GoitondoGoikoan?7-Pab.11,48260,943171627,943171627,troquelesbei@troquelesbei.e.telefonica.net,"Direcciondeentregadelamercancia:
CarrefourErandioS.A.(Mantenimiento)
LataondoBidean?2
48950-Erandio
Bizkaia",30 días netos,
"BerangaMecanizados,S.L.L.",1,"Sr.JuanJoseMunoz,Sta.Pilar",Vanesa,Pol.Ind.SanSebastianNaven?10,39739,942635336,942635288,Eder@mecanizadosberanga.com,pilar@mecanizadosberanga.com,30 días netos,
"BERGARAMecanizados,S.L.",1,"Sr.Leo,Sr.Santos",Ander,"c,Amillaga,21",20570,943760082,943760344,,"Direcciondeentregadelamercancia:
CarrefourErandioS.A.(Mantenimiento)
LataondoBidean?2
48950-Erandio
Bizkaia",30 días netos,
"BIATROKELAK,S.A.L.",1,"Sr.JoseRamon,Sta.Esther",Ander,"Pol.Ind.Pagatza,2-D",20690,943788045,943788044,,"Direcciondeentregadelamercancia:
CarrefourErandioS.A.(Mantenimiento)
LataondoBidean?2
48950-Erandio
Bizkaia",30 días netos,
"BICIberia,S.A.",1,Sr.JuanCalero,Esloan,"Pol.Ind.Entreviass,n",43006,,977556154,,"Direcciondeentregadelamercancia:
CarrefourErandioS.A.(Mantenimiento)
LataondoBidean?2
48950-Erandio
Bizkaia",30 días netos,
"BIKOLMA,S.L.",1,,Vanesa,Pol.Ind.UAI-3-BarrioMallabiena,48215,9462018,946200191,,"Direcciondeentregadelamercancia:
CarrefourErandioS.A.(Mantenimiento)
LataondoBidean?2
48950-Erandio
Bizkaia",30 días netos,
BIOMETSpain,1,"Ismael,MarioPoveda,J.AntonioManso,DiegoMar",Eder,"Pol.Ind.FuentedelJarro.
C,IslasBaleares,50-Box.96",46988,961379510,961379500,ismael.bulls@biomet.com,"Direcciondeentregadelamercancia:
CarrefourErandioS.A.(Mantenimiento)
LataondoBidean?2
48950-Erandio
Bizkaia",30 días netos,
"BITROK,S.L.L.",1,Sr.FernandoPerea,Vanesa,"BerreteagaBidea,19-Pabellon3",48180,944711484,944531709,,"Direcciondeentregadelamercancia:
CarrefourErandioS.A.(Mantenimiento)
LataondoBidean?2
48950-Erandio
Bizkaia",30 días netos,
"BLASER,MoldesyTroqueles,S.L.",1,,Ander,"Ctra.Pamplona-Echauri,s,n",31170,,948322400,,"Direcciondeentregadelamercancia:
CarrefourErandioS.A.(Mantenimiento)
LataondoBidean?2
48950-Erandio
Bizkaia",30 días netos,
BruyRubioS.L.,1,"PacoNarvaez,Silvia,AntonioRamirez***",Bru  y  Rubio,"C,Huelva,19-Pol.ind.AlfaçII",3440,965550365,965553199-91,Comercial@bruyrubio.com,"Direcciondeentregadelamercancia:
CarrefourErandioS.A.(Mantenimiento)
LataondoBidean?2
48950-Erandio
Bizkaia",30 días netos,
"BTI,BiotechnologyInstitute,S.L.",1,"Sr.PedroCruz,UrkoLopez*****",Vanesa,"ParqueTenologicodeAlava.C,LeonardodaVinci14B",15010,945297031,945297030,urko.lopez@bti-implant.es,"Direcciondeentregadelamercancia:
CarrefourErandioS.A.(Mantenimiento)
LataondoBidean?2
48950-Erandio
Bizkaia",30 días netos,
C.C.CarrefourS.A.,1,Sr.DiegoNunez,Eder,"ParqueEmpresarialLaMarina-Edif.SigloXXI-C,IslaHierron?5-2?planta",28700,944530285,944712409,,"Direcciondeentregadelamercancia:
CarrefourErandioS.A.(Mantenimiento)
LataondoBidean?2
48950-Erandio
Bizkaia",30 días netos,
C.M.E.,1,Sr.RicardoGarate,Vanesa,,,,,r.garate@cmemach.com,"Direcciondeentregadelamercancia:
CarrefourErandioS.A.(Mantenimiento)
LataondoBidean?2
48950-Erandio
Bizkaia",30 días netos,
C.P.T.GMBH,1,Sr.AviCohen,Eder,MittlererPFAD4-2,70499,,,,"Direcciondeentregadelamercancia:
CarrefourErandioS.A.(Mantenimiento)
LataondoBidean?2
48950-Erandio
Bizkaia",30 días netos,
"CampalansMecanicPrecision,S.A.",1,Sr.PereCerqueda,IMS,"c,Progres,s,n",8191,936971155,936998711,,"Direcciondeentregadelamercancia:
CarrefourErandioS.A.(Mantenimiento)
LataondoBidean?2
48950-Erandio
Bizkaia",30 días netos,
CarlosPerezPerez,1,CarlosPerezPerez,Carlos,"c,Albatros,9.URBANIZACIONOASIS",28260,,918584681,carperper08@telefonica.net,"Direcciondeentregadelamercancia:
CarrefourErandioS.A.(Mantenimiento)
LataondoBidean?2
48950-Erandio
Bizkaia",30 días netos,
"CASMANSuministrosIndustriales,S.C.L.",1,"Sr.JoseLuisAndres,Luis,Paqui",Casman,"Pol.Ind.CampollanoC,Gn?5",2080,967241129,967241130,casmansuministros@gmail.com,"Direcciondeentregadelamercancia:
CarrefourErandioS.A.(Mantenimiento)
LataondoBidean?2
48950-Erandio
Bizkaia",30 días netos,
CEDREGSA,1,"Sr.CarmineLiberatore,Sr.Roberto",Eder,"Pol.Ind.Finanzauto-C,Estano,1-7",28500,918700333,918713567,carmine@cedregsa.com,"Direcciondeentregadelamercancia:
CarrefourErandioS.A.(Mantenimiento)
LataondoBidean?2
48950-Erandio
Bizkaia",30 días netos,
"CelticadeMantenimientoyControl,S.L.",1,"Sr.ManuelPino,JaimeMoscoso,Viki,Ana",Celtica,"c,TomasParedes,1-Bajo",36208,986239122,986238343,xaime.mm@gmail.com,"Direcciondeentregadelamercancia:
CarrefourErandioS.A.(Mantenimiento)
LataondoBidean?2
48950-Erandio
Bizkaia",30 días netos,
CesarBarcena,1,CesarBarcena,Cesar,"c,Lube,5-5?B",48903,,946558210,,"Direcciondeentregadelamercancia:
CarrefourErandioS.A.(Mantenimiento)
LataondoBidean?2
48950-Erandio
Bizkaia",30 días netos,
"CISASNavarro,MoldesyMatrices.",1,Sr.Kiko,Esloan,"c,Fuster,40",43800,977609820,,,"Direcciondeentregadelamercancia:
CarrefourErandioS.A.(Mantenimiento)
LataondoBidean?2
48950-Erandio
Bizkaia",30 días netos,
COMAHER,1,Sr.SantiagoLopezdeArmentia,Eder,"C,Bekolarra,4",1010,945228883,945242400,santi@comaher.com,"Direcciondeentregadelamercancia:
CarrefourErandioS.A.(Mantenimiento)
LataondoBidean?2
48950-Erandio
Bizkaia",30 días netos,
"ComercialXAMER,S.L.",1,Sr.JavierFernandez,Xamer,"c,Sarries,s,n",31014,948124366,948129039,,"Direcciondeentregadelamercancia:
CarrefourErandioS.A.(Mantenimiento)
LataondoBidean?2
48950-Erandio
Bizkaia",30 días netos,
"COMLANBER,S.A.",1,Sr.VicenteEscobar,Vanesa,"Zubiaurre,5",48250,946827999,946225036,lanber@euskalnet.net,"Direcciondeentregadelamercancia:
CarrefourErandioS.A.(Mantenimiento)
LataondoBidean?2
48950-Erandio
Bizkaia",30 días netos,
"Copreci,S.Coop.",1,"Roldan,JaimeGomez**,InakiAyastu,AsierAgirre**",Ander,"Avda.dealava,3",20550,943792349,943719499,aagirre@copreci.es,"Direcciondeentregadelamercancia:
CarrefourErandioS.A.(Mantenimiento)
LataondoBidean?2
48950-Erandio
Bizkaia",30 días netos,
"CREATECHMEDICAL,S.L.",1,"Sr.Mikel*****,Sr.Asier**,Olatz",Eder,Pol.Ind.Kurutz-Gain.Pab3B,20850,943755041,943757172,mgomez@createchmedical.com,"Direcciondeentregadelamercancia:
CarrefourErandioS.A.(Mantenimiento)
LataondoBidean?2
48950-Erandio
Bizkaia",30 días netos,
CubiertosDalia,1,RafaMoreno,Vanesa,"C,Aldape,7",48300,946259116,946259100,info@cubiertos-dalia.com,"Direcciondeentregadelamercancia:
CarrefourErandioS.A.(Mantenimiento)
LataondoBidean?2
48950-Erandio
Bizkaia",30 días netos,
"CUPRUM,S.A.",1,Sr.GautierRebollo,Vanesa,Pol.Ind.ElCampillo.Pab11D-12D,48500,946360133,946360128,info@cuprum.es,"Direcciondeentregadelamercancia:
CarrefourErandioS.A.(Mantenimiento)
LataondoBidean?2
48950-Erandio
Bizkaia",30 días netos,
CURVANORTE.S.L.,1,"Sr.FranciscoLezaunCastillo,Maria",Ander,Pol.Ind.Mendikur.Pab-20,31160,948321421,948343235,fran@curvanorte.e.telefonica.net,"Direcciondeentregadelamercancia:
CarrefourErandioS.A.(Mantenimiento)
LataondoBidean?2
48950-Erandio
Bizkaia",30 días netos,
DECOMESA.DecoletadosyMecanizadosS.A.,1,Sr.PedroMariaRecalde,Vanesa,Pol.Ind.Goitondo,48269,943174353,943174304-08,comercial@decomesa.com,"Direcciondeentregadelamercancia:
CarrefourErandioS.A.(Mantenimiento)
LataondoBidean?2
48950-Erandio
Bizkaia",30 días netos,
"DELCAAlmacenes,S.A.",1,"Sr.GonzaloGonzalez,JoseRamon",Delca,"c,TeodoroCuesta,2",33207,985352440,985176111,delca@almacenesdelca.es,"Direcciondeentregadelamercancia:
CarrefourErandioS.A.(Mantenimiento)
LataondoBidean?2
48950-Erandio
Bizkaia",30 días netos,
"DELVAL,S.A.",1,"Sr.Secudino,MariSol",Vanesa,"Avda.deBilbao,118",39300,942893658,942890349,rdelval@rdelval.com,"Direcciondeentregadelamercancia:
CarrefourErandioS.A.(Mantenimiento)
LataondoBidean?2
48950-Erandio
Bizkaia",30 días netos,
DHLExpress,1,Sr.JoseRobertoVazquez,Eder,,,,,joseroberto.vazquez@dhl.com,"Direcciondeentregadelamercancia:
CarrefourErandioS.A.(Mantenimiento)
LataondoBidean?2
48950-Erandio
Bizkaia",30 días netos,
"DIEXGA,S.L.",1,Sr.RamonLores,Eder,"c)Pereiro,10",36210,986211496,986235195,diexga@breogan.com,"Direcciondeentregadelamercancia:
CarrefourErandioS.A.(Mantenimiento)
LataondoBidean?2
48950-Erandio
Bizkaia",30 días netos,
"DIKAR,S.Coop",1,"Alberto,JoseLuis,Sr.Roberto,IVAN****",Eder,"UrarteKalea,26P.I.SanLorenzo",20570,943760814,943765548,ivan@dikar.es,roberto@dikar.es,30 días netos,
Dise?oLOGO2S.L.,1,Sr.FranciscoCastro,Eder,"VicenteAlonsoPerez,2B",3204,965446039,965445572,,"Direcciondeentregadelamercancia:
CarrefourErandioS.A.(Mantenimiento)
LataondoBidean?2
48950-Erandio
Bizkaia",30 días netos,
"DISMAHER,S.L.",1,Sr.HerminioIglesiasAstorga,Dismaher,"Leceaga,6",48002,944270780,944275280,,"Direcciondeentregadelamercancia:
CarrefourErandioS.A.(Mantenimiento)
LataondoBidean?2
48950-Erandio
Bizkaia",30 días netos,
Dismodel,1,"Sr.JesusCerrillo,Sr.JavierGarcia****",Vanesa,"B?Larragoiti,s,n",48600,946763956,946763512,compras@dismodel.es,"Direcciondeentregadelamercancia:
CarrefourErandioS.A.(Mantenimiento)
LataondoBidean?2
48950-Erandio
Bizkaia",30 días netos,
"DISSIN,Dise?osIndustrialesSCCL",1,Sr.JoseAntonio(Esloan),Antonio Lopez,"Pol.Ind.Tosses2.C,Amsterdam,Par-35",43870,977708069,977708069,,"Direcciondeentregadelamercancia:
CarrefourErandioS.A.(Mantenimiento)
LataondoBidean?2
48950-Erandio
Bizkaia",30 días netos,
"DOIKI,S.Coop.",1,"JavierVesga,AxierDiazdeGereno,Leyre",Vanesa,"Pol.Ind.Goitondo,5",48260,943174273,943179050,jilarra@doiki.es,"Direcciondeentregadelamercancia:
CarrefourErandioS.A.(Mantenimiento)
LataondoBidean?2
48950-Erandio
Bizkaia",30 días netos,
DOILAN-TEGIAS.Coop.,1,Sr.EmilioTxurrukaUriarte,Ander,Pol.Ind.Intxausti.Pab.14I,20215,943802010,943801243,doilan@doilan.com,"Direcciondeentregadelamercancia:
CarrefourErandioS.A.(Mantenimiento)
LataondoBidean?2
48950-Erandio
Bizkaia",30 días netos,
ECRIMESA,1,"Sr.JoseAntonioVargas,Oscar***,Loly",Vanesa,"Avda.deParayas,s,n",39080,942346549,942334511,ecrimesa@ecrimesa.es,"Direcciondeentregadelamercancia:
CarrefourErandioS.A.(Mantenimiento)
LataondoBidean?2
48950-Erandio
Bizkaia",30 días netos,
"EDERKI,S.L.",1,"Sr.MiguelAngel,JoseAngel",Ander,"C,Azpikoetxe,s,n",20230,943731411,943731411,,"Direcciondeentregadelamercancia:
CarrefourErandioS.A.(Mantenimiento)
LataondoBidean?2
48950-Erandio
Bizkaia",30 días netos,
EDERLANFAGORMCC,1,"Sr.SantiGarcia,Sr.AitorAspe",Ander,"B?Uribarri,6",20500,943719008,943719000,a.axpe@fagorederlan.es,"Direcciondeentregadelamercancia:
CarrefourErandioS.A.(Mantenimiento)
LataondoBidean?2
48950-Erandio
Bizkaia",30 días netos,
"EDURKON,S.L.",1,"GorkaEtxebarria,Arkaitz,Galder****",Vanesa,"TXORIERRI,46,Pabellon8E",48150,944710402,944711404,gorka@edurkon.com,"Direcciondeentregadelamercancia:
CarrefourErandioS.A.(Mantenimiento)
LataondoBidean?2
48950-Erandio
Bizkaia",30 días netos,
"EIKA,S.Coop.",1,Sr.JesusBereziartua,Vanesa,"Ctra.EtxebarriaaEibars,n",,,946167732,,"Direcciondeentregadelamercancia:
CarrefourErandioS.A.(Mantenimiento)
LataondoBidean?2
48950-Erandio
Bizkaia",30 días netos,
EKIMENmecanizadosS.L,1,"Sr.PatxiSegurola,Sta.Lore",Ander,P.Ind.JoxeMariKortaparcelaA-6-1,20750,943865279,943865288,ekimen@ekimen.net,"Direcciondeentregadelamercancia:
CarrefourErandioS.A.(Mantenimiento)
LataondoBidean?2
48950-Erandio
Bizkaia",30 días netos,
"ELAY,S.L.",1,"Bixente***,Nogales,AitorIbarra,Mikel,Unai***",Ander,"LizarragakoHiribideaZ,g",20577,943766262,943766100,fernando@elay.com,"Direcciondeentregadelamercancia:
CarrefourErandioS.A.(Mantenimiento)
LataondoBidean?2
48950-Erandio
Bizkaia",30 días netos,
"ElgezabalTalleres,S.L.",1,"Sta.Amaia***,Sr.Josu*****",Vanesa,"B?Trobika-MartintxoneBidea,13Apto126",48100,946744586,946741275,tde@euskalnet.net,"Direcciondeentregadelamercancia:
CarrefourErandioS.A.(Mantenimiento)
LataondoBidean?2
48950-Erandio
Bizkaia",30 días netos,
EMECANMecanizados,1,"Sr.JoseLuisCanales,JoseLuisFernandez****",Vanesa,ZonaIndustrialLaAlbericia3-4,39012,942344125,942347799,emecan@emecan.com,"Direcciondeentregadelamercancia:
CarrefourErandioS.A.(Mantenimiento)
LataondoBidean?2
48950-Erandio
Bizkaia",30 días netos,
"EREDU,S.A.",1,"FelisindoCidMartinez****,Sofia,Ainoa,Davinia",Vanesa,Pol.Ind.Ugarte.Parcela3B,48110,946743233,946745002,tecnica@eredu.es,"Direcciondeentregadelamercancia:
CarrefourErandioS.A.(Mantenimiento)
LataondoBidean?2
48950-Erandio
Bizkaia",30 días netos,
ESLOANSuministrosIndustrialesS.L.,1,Sr.AntonioLopez,Antonio Lopez,"Avda.Cataluna,5",43514,977739069,977739061,lopezesquerre.toni@gmail.com,"Direcciondeentregadelamercancia:
CarrefourErandioS.A.(Mantenimiento)
LataondoBidean?2
48950-Erandio
Bizkaia",30 días netos,
EUSKOCAMSYSTEMS.L,1,GaizkaAranzabal,Vanesa,"C,OidorBerriozabalbeitia,Pab.N?5",48230,946231754,946231754,euskocam@euskalnet.net,"Direcciondeentregadelamercancia:
CarrefourErandioS.A.(Mantenimiento)
LataondoBidean?2
48950-Erandio
Bizkaia",30 días netos,
"EUSKRON,S.A.",1,Sr.AvelinoGarcia,Eder,"Pol.Ind.Eleseder,4",31876,948510807,948510634,euskron@euskron.com,"Direcciondeentregadelamercancia:
CarrefourErandioS.A.(Mantenimiento)
LataondoBidean?2
48950-Erandio
Bizkaia",30 días netos,
"FAMECOMetalicas,S.L.",1,,Antonio Lopez,"Ctra.Ulldecona1169,Izda.NaveKm.2",43560,977575117,977570719,,"Direcciondeentregadelamercancia:
CarrefourErandioS.A.(Mantenimiento)
LataondoBidean?2
48950-Erandio
Bizkaia",30 días netos,
FAYMESA,1,Sr.JavierMoranCabrero,Vanesa,Pol.Ind.DeGuarnizo.Parcela83A,39611,942559141,942559544,faymesa@mundivia.es,"Direcciondeentregadelamercancia:
CarrefourErandioS.A.(Mantenimiento)
LataondoBidean?2
48950-Erandio
Bizkaia",30 días netos,
FEM-EDER,1,Sr.Nebreda***,Vanesa,"Ctra.SanVicente,7",48510,944921552,944921858,,"Direcciondeentregadelamercancia:
CarrefourErandioS.A.(Mantenimiento)
LataondoBidean?2
48950-Erandio
Bizkaia",30 días netos,
"FILIPMecanizados,S.L.",1,Sr.Javi,Vanesa,"C,Obezar,2",1138,945464143,945464143,,"Direcciondeentregadelamercancia:
CarrefourErandioS.A.(Mantenimiento)
LataondoBidean?2
48950-Erandio
Bizkaia",30 días netos,
FORJASDEIRAETAHEAVYINDUSTRYS.L.U,1,"Sr.IbonLasa,JuanluislasaLanda",Ander,"B?Chiriboga,s,n",20740,943148059,943147645,ibon@forjasdeiraeta.com,"Direcciondeentregadelamercancia:
CarrefourErandioS.A.(Mantenimiento)
LataondoBidean?2
48950-Erandio
Bizkaia",30 días netos,
"FORJASDEBERRIZ,S.L.",1,"Sr.UnaiAzueta***,KoldoIturriagaetxebarria",Vanesa,"Iturriza,22",48240,946826521,946826520,tecnica@forjasdeberriz.com,"Direcciondeentregadelamercancia:
CarrefourErandioS.A.(Mantenimiento)
LataondoBidean?2
48950-Erandio
Bizkaia",30 días netos,
"FranceTelecomEspa?a,S.A.",1,,Eder,"ParqueEmpresarialLaFinca.
P?delClubDeportivo,1-Edificio8",28223,,,,"Direcciondeentregadelamercancia:
CarrefourErandioS.A.(Mantenimiento)
LataondoBidean?2
48950-Erandio
Bizkaia",30 días netos,
"Fresmak,ARNOLD",1,"XabierBerridi,JoseAntonioAyerbe****,Jon,Mikel",Ander,"ArabaKalea,45",20800,943830225,943834250,berridi@fresmak.com,"Direcciondeentregadelamercancia:
CarrefourErandioS.A.(Mantenimiento)
LataondoBidean?2
48950-Erandio
Bizkaia",30 días netos,
FUNDICIONESAZPIRI,1,Sr.angel,Vanesa,"c,Bekobenta,16",48700,946167787,946168854,,"Direcciondeentregadelamercancia:
CarrefourErandioS.A.(Mantenimiento)
LataondoBidean?2
48950-Erandio
Bizkaia",30 días netos,
"GAITalleresdePrecision,S.L.",1,Sr.IgorGaritaonandia-JuanMari-Aner-Alberto,Vanesa,"c,Zubiaurre,5",48250,946827504,946827478,sikulan@sikulan.com,"Direcciondeentregadelamercancia:
CarrefourErandioS.A.(Mantenimiento)
LataondoBidean?2
48950-Erandio
Bizkaia",30 días netos,
"Gainza,S.A.",1,"Sr.JoseAntonioAzkue***,Sr.Rafa(Dueno)",Ander,"BarrioAgote,s,n",20750,943147790,943147871,gainza@t-gainza.com,"Direcciondeentregadelamercancia:
CarrefourErandioS.A.(Mantenimiento)
LataondoBidean?2
48950-Erandio
Bizkaia",30 días netos,
"GAN,Grabados,S.L.",1,"Sr.Aritz,Sr.Inaxio****,Juanma***",Ander,"Pol.Ind.Mugitegi,VialD,PAB44-46Aptdo.216",20700,943729340,943723312,administracion@grabadosgan.com,"Direcciondeentregadelamercancia:
CarrefourErandioS.A.(Mantenimiento)
LataondoBidean?2
48950-Erandio
Bizkaia",30 días netos,
"GESTHECOR,S.L.",1,"Sr.JoseLuisGarcia,Maitane",Gesthecor,"Pol.Ind.Pinoan?41?planta.
ParcelaP-2-G",48170,944520559,944523199,gesthecor@gesthecor.com,"Direcciondeentregadelamercancia:
CarrefourErandioS.A.(Mantenimiento)
LataondoBidean?2
48950-Erandio
Bizkaia",30 días netos,
GESTORIAMIKELUNTZILLA,1,ElMismo,Eder,"Plazaola,7Bajo",20230,,627498961,pitwall@wanadoo.es,"Direcciondeentregadelamercancia:
CarrefourErandioS.A.(Mantenimiento)
LataondoBidean?2
48950-Erandio
Bizkaia",30 días netos,
"GH,IndustriasElectromecanicas",1,Sr.JuanJoseLazkano,Ander,"B?.Salbatore,s,n",20200,943805675,943805660,,"Direcciondeentregadelamercancia:
CarrefourErandioS.A.(Mantenimiento)
LataondoBidean?2
48950-Erandio
Bizkaia",30 días netos,
"GILMATECHNOLOGY,S.A.",1,Sr.JoaquinGil,Eder,"Avda.CostaVasca,5",3600,965373412,966955050,jgn@gilma.eu,"Direcciondeentregadelamercancia:
CarrefourErandioS.A.(Mantenimiento)
LataondoBidean?2
48950-Erandio
Bizkaia",30 días netos,
"GKNDrivelineLazpiur,S.L.",1,"Sr.IbonGaritano,LuisMaria,Ainoa",Ander,"TelleriaKalea,15",20570,943769269,943769349,ibon.garitano@gkndriveline.com,"Direcciondeentregadelamercancia:
CarrefourErandioS.A.(Mantenimiento)
LataondoBidean?2
48950-Erandio
Bizkaia",30 días netos,
"GLUALHIDRaULICA,S.L.",1,"Sr.Iban,IkerElorza***,Arantza",Ander,"Landetahiribidea,11",20730,943814920,943157015,comercial@glual.com,"Direcciondeentregadelamercancia:
CarrefourErandioS.A.(Mantenimiento)
LataondoBidean?2
48950-Erandio
Bizkaia",30 días netos,
"GOIALDE,PunteadosdePrecision,S.L.",1,"AndresZuloaga,AitorBayo,JorgeArroyo****,Teresa",Ander,Pol.Ind.SansineneaErreka-ParcelaA1,20740,943897391,943897111,jarroyo@goialde.com,"Direcciondeentregadelamercancia:
CarrefourErandioS.A.(Mantenimiento)
LataondoBidean?2
48950-Erandio
Bizkaia",30 días netos,
"Goikolan,S.L.",1,"Sr.BeniZabala,Asier",Vanesa,"Pol.Ind.Iru-Bide,Pab.9-NaveE",48960,944491611,944493603,goikolan@goikolan.com,"Direcciondeentregadelamercancia:
CarrefourErandioS.A.(Mantenimiento)
LataondoBidean?2
48950-Erandio
Bizkaia",30 días netos,
GOIZPERS.Coop.,1,"Carmen,Ivanherzog***,JuanJoseBote*****",Ander,"AntiguaKalea,4",20577,943766008,943786000,jjbote@goizper.com,"Direcciondeentregadelamercancia:
CarrefourErandioS.A.(Mantenimiento)
LataondoBidean?2
48950-Erandio
Bizkaia",30 días netos,
"Gombau-Ciurana,Talleres",1,Sr.Agustin,Antonio Lopez,"c,1?deMayo,n?22",12500,964451610,964451610,,"Direcciondeentregadelamercancia:
CarrefourErandioS.A.(Mantenimiento)
LataondoBidean?2
48950-Erandio
Bizkaia",30 días netos,
GRUPODIMP,1,"Sr.Gurutz,JoseMariaCarreno*****,InakiErasun***",Ander,"Pol.Ind.Lanbarren-ArkotzKalea,7",20180,943490104,943260095,tecnica@dimpsa.com,"Direcciondeentregadelamercancia:
CarrefourErandioS.A.(Mantenimiento)
LataondoBidean?2
48950-Erandio
Bizkaia",30 días netos,
"GUMERSINDOGarciaGalicia,S.A.",1,"Sr.JulioSuarez,Lopez,Barbeito",Gumersindo,"c,IsaacPeral,46",15008,,981232325,,"Direcciondeentregadelamercancia:
CarrefourErandioS.A.(Mantenimiento)
LataondoBidean?2
48950-Erandio
Bizkaia",30 días netos,
GUMERSINDOGarciaZaragozaS.A.,1,"Sr.JoseLuis,Sta.Nuria",Gumersindo,POL.Ind.BTVnave68,50171,976108574,976108560,gumersindo_z@teleline.es,"Direcciondeentregadelamercancia:
CarrefourErandioS.A.(Mantenimiento)
LataondoBidean?2
48950-Erandio
Bizkaia",30 días netos,
"GUREA,TalleresdePrecision,S.A.",1,"JosuZabala***,Sebas**,Maite,Ainoa,Carmelo",Ander,"Pol.Ind.SanLorenzo
c,Urarte,6",20570,943765429,943769089,produccion@gurea.org,"Direcciondeentregadelamercancia:
CarrefourErandioS.A.(Mantenimiento)
LataondoBidean?2
48950-Erandio
Bizkaia",30 días netos,
HARAIMekanizatuakS.L.,1,"Sr.Aitor,Sr.Aritz",Ander,HegoaKaleaPab.7,20750,943865677,943865678,,"Direcciondeentregadelamercancia:
CarrefourErandioS.A.(Mantenimiento)
LataondoBidean?2
48950-Erandio
Bizkaia",30 días netos,
"HelionTools,S.L.",1,"Sr.DomenecMolins,JoseMaria",Eder,"Pol.Ind.Bufalventc,MiquelServet37,Nau13",8243,938747810,938770869,info@helion-tools.com,"Direcciondeentregadelamercancia:
CarrefourErandioS.A.(Mantenimiento)
LataondoBidean?2
48950-Erandio
Bizkaia",30 días netos,
"HercometalGalicia,S.L.",1,"Sr.MarioIglesiasOlmigos,Sr.Luis",Hercometal,Pol.Ind.AGranxa.RuaC-Parc.4-n?119,36400,986342565,986342563,info@hercometal.com,"Direcciondeentregadelamercancia:
CarrefourErandioS.A.(Mantenimiento)
LataondoBidean?2
48950-Erandio
Bizkaia",30 días netos,
"HERFLUID,S.C.A.",1,Sr.DamianGonzalezNoguera,Eder,"Pol.Ind.LasQuemadas.C,ImprentadelaAlborada.Parcela245-CalleC",14014,957326576,957325762,cordoba@herfluid.com,"Direcciondeentregadelamercancia:
CarrefourErandioS.A.(Mantenimiento)
LataondoBidean?2
48950-Erandio
Bizkaia",30 días netos,
"HESMARSuministrosIndustriales,S.L.",1,"Tony,Gregorio,Amparo,Noelia",Hesmar,"c,Albocacer,34bajo",46020,963696974,963608041,amparo@hesmar.com,"Direcciondeentregadelamercancia:
CarrefourErandioS.A.(Mantenimiento)
LataondoBidean?2
48950-Erandio
Bizkaia",30 días netos,
"HILFATalleres,S.L.",1,"Sr.Carlos***,Sr.Pedro***,Sr.Saul",Vanesa,"BarriodeArteaga,12",48970,944260860,944493750,compras@hilfa.com,"Direcciondeentregadelamercancia:
CarrefourErandioS.A.(Mantenimiento)
LataondoBidean?2
48950-Erandio
Bizkaia",30 días netos,
HISPAMOLDES,1,"Benjamin**,MariaIsabelFeijoo,Sueiro,Gavilanes***",Alex  Losada,ParqueTecnoloxicodeGalicia,32901,988012301,988012300,compras@hispamoldes.com,"Direcciondeentregadelamercancia:
CarrefourErandioS.A.(Mantenimiento)
LataondoBidean?2
48950-Erandio
Bizkaia",30 días netos,
HispanicadeTornilleriaS.L.,1,Sr.MarioVicente,Eder,"C,Eras,1",47150,,,,"Direcciondeentregadelamercancia:
CarrefourErandioS.A.(Mantenimiento)
LataondoBidean?2
48950-Erandio
Bizkaia",30 días netos,
HOYTOM,1,Sr.JoseManuelHeras,Vanesa,"Avda.Iparraguirre,96",48940,944639714,944639422,,"Direcciondeentregadelamercancia:
CarrefourErandioS.A.(Mantenimiento)
LataondoBidean?2
48950-Erandio
Bizkaia",30 días netos,
"I.M.A.G.TalleresMecanicos,S.A.",1,"Sr.Inigo,Isabelino,Jayone,Ane",Vanesa,"Avda.deGuipuzkoa,n?72",48260,943171827,943171692,imagsa@infonegocio.com,"Direcciondeentregadelamercancia:
CarrefourErandioS.A.(Mantenimiento)
LataondoBidean?2
48950-Erandio
Bizkaia",30 días netos,
IBER-TECHS.r.l.,1,Sr.AldoCantoni,Iber-Tech,"ViaNabucco,s,n",43100,390521602182,390521603987,info@ibertech.it,"Direcciondeentregadelamercancia:
CarrefourErandioS.A.(Mantenimiento)
LataondoBidean?2
48950-Erandio
Bizkaia",30 días netos,
IBERIAL.A.E.TallerreparacionMotores,1,Sr.JoseRamirezRincon,Eder,Sub.Dirc.MotoresAeropuertoBarajasZonaIndustrialn?2,28042,915875823,915875909,jramirez@iberia.es,"Direcciondeentregadelamercancia:
CarrefourErandioS.A.(Mantenimiento)
LataondoBidean?2
48950-Erandio
Bizkaia",30 días netos,
"IKERLAN,S.Coop.",1,"MikelGomez,PilarFigueredo,IkerUrizar*****",Ander,"J.M.ArizmendiarretaPasealekua,2",20500,943796944,943712400,iurizar@ikerlan.es,"Direcciondeentregadelamercancia:
CarrefourErandioS.A.(Mantenimiento)
LataondoBidean?2
48950-Erandio
Bizkaia",30 días netos,
IMCARTOOLSS.L.,1,"Carmen,Alicia,MiguelAngel",Eder,"c,Constitucio,94-Pol.In.LesGrases",8980,936850081,936850099,,"Direcciondeentregadelamercancia:
CarrefourErandioS.A.(Mantenimiento)
LataondoBidean?2
48950-Erandio
Bizkaia",30 días netos,
IMEDUSA,1,"AitorBeloki,IgorFrades(CAD-CAM)",Vanesa,"Pol.Ind.deEitua,71-D",48240,946225053,946225000-06,imedusa@telefonica.net,"Direcciondeentregadelamercancia:
CarrefourErandioS.A.(Mantenimiento)
LataondoBidean?2
48950-Erandio
Bizkaia",30 días netos,
"INDAUXMAN,S.L.",1,"Sr.Imanol,Sr.PacoMangas",Ander,"LandetaHiribidea,32",20730,943814355,943814250,sales@indauxman.es,"Direcciondeentregadelamercancia:
CarrefourErandioS.A.(Mantenimiento)
LataondoBidean?2
48950-Erandio
Bizkaia",30 días netos,
"INDAZMecanizados,S.L.",1,"Sr.PatxiArruti,Xabier,German,Asier",Ander,"c,Gerratxiki,5",20730,943156413,943156412,tecnica@indaz.e.telefonica.net,"Direcciondeentregadelamercancia:
CarrefourErandioS.A.(Mantenimiento)
LataondoBidean?2
48950-Erandio
Bizkaia",30 días netos,
"IndustriasFOCS,S.L.",1,"Roberto***,Campos*****,LuisMiguel**,Jonatan",Vanesa,"Pol.Ind.Goitondo-Goikoa,s,n",48269,943174361,943171744,luis@focs.es,"Direcciondeentregadelamercancia:
CarrefourErandioS.A.(Mantenimiento)
LataondoBidean?2
48950-Erandio
Bizkaia",30 días netos,"Direcciondeentregadelamercancia:
CarrefourErandioS.A.(Mantenimiento)
LataondoBidean?2
48950-Erandio
Bizkaia"
IndustriasPlasticasIgorS.L.,1,"Sr.JonAnderAltolaguirre,Fabiola",Eder,"PartidaEraAlta,107",3160,966780714,966782119,jonander@igor.es,"Direcciondeentregadelamercancia:
CarrefourErandioS.A.(Mantenimiento)
LataondoBidean?2
48950-Erandio
Bizkaia",30 días netos,
"INDUSTRIASURCELAY,S.A.",1,"Sr.MikelUrcelay,Jon",Ander,"Pol.Ind.SanJuan,94-Bajo,80
Apartado209",20570,943765543,943761802,urcelay@industriasurcelay.com,"Direcciondeentregadelamercancia:
CarrefourErandioS.A.(Mantenimiento)
LataondoBidean?2
48950-Erandio
Bizkaia",30 días netos,
InformoldesS.L.,1,"Sr.JoaoCarlosFerreira,DanielCosta,Javier",Alex  Losada,Pol.Ind.Agrainxa.RuaC,36400,986343447,986343437,,"Direcciondeentregadelamercancia:
CarrefourErandioS.A.(Mantenimiento)
LataondoBidean?2
48950-Erandio
Bizkaia",30 días netos,
INGEMAV,1,Sr.JuanPabloMoya,Eder,"Vendrell,47C",8227,937869383,937869381Adm.937337068,ofitec@ingemav.com,"Direcciondeentregadelamercancia:
CarrefourErandioS.A.(Mantenimiento)
LataondoBidean?2
48950-Erandio
Bizkaia",30 días netos,
"INTERMETALSISTEMA,S.L.",1,"Sr.JosepAmirallAlbareda,Monica,Pepi",IMS,"C,angelGuimera,16Local",8902,933321034,933321239,jalmirall@intermetalsistema.com,"Direcciondeentregadelamercancia:
CarrefourErandioS.A.(Mantenimiento)
LataondoBidean?2
48950-Erandio
Bizkaia",30 días netos,
InterspaceS.A.,1,"Larraitz,Naiara,JavierJimenez***",Vanesa,"c,JoseVara,13(Kareaga)",48903,944998189,944474271,jjimenez@novalti.es,"Direcciondeentregadelamercancia:
CarrefourErandioS.A.(Mantenimiento)
LataondoBidean?2
48950-Erandio
Bizkaia",30 días netos,
IPGArabaDesarrollodeProductoS.L.,1,"Sr.AitzolFernandezAgirrezabala,Ricardo",Vanesa,"EdificioCEIA,Of.019C,AlbertoEinstein,15ParqueTecnologicodeAlava",1510,945000628,945000628,aitzolagirrezabala@ipgaraba.com,"Direcciondeentregadelamercancia:
CarrefourErandioS.A.(Mantenimiento)
LataondoBidean?2
48950-Erandio
Bizkaia",30 días netos,
"IRADIIngenieria,S.L.",1,"Sr.FranciscoBergera,Estibaliz",Ander,Pol.Ind.Ibarrea6-7Apdo.133,31800,948564149,948564861,francis@ingenieriairadi.com,"Direcciondeentregadelamercancia:
CarrefourErandioS.A.(Mantenimiento)
LataondoBidean?2
48950-Erandio
Bizkaia",30 días netos,
IRETRU,1,"Sr.Dionisio,Sta.Lourdes",Vanesa,Larrondo,48150,944533807,944531400,,"Direcciondeentregadelamercancia:
CarrefourErandioS.A.(Mantenimiento)
LataondoBidean?2
48950-Erandio
Bizkaia",30 días netos,
IRUMOLD,1,"JoseAntonioUcar**,AurelianoMedrano,Eleta,Sergio",Ander,"Pol.Ind.LandabenC,A",31012,948286007,948286130,jaucar@irumold.com,"Direcciondeentregadelamercancia:
CarrefourErandioS.A.(Mantenimiento)
LataondoBidean?2
48950-Erandio
Bizkaia",30 días netos,
"ITP,IndustriasTurboPropulsores,S.A.",1,"Sr.DiegoSaralegui,Sr.LuisAngelMartinez",Vanesa,ParqueTecnologicodeZamudio,,,944662100,,"Direcciondeentregadelamercancia:
CarrefourErandioS.A.(Mantenimiento)
LataondoBidean?2
48950-Erandio
Bizkaia",30 días netos,
"ITURRIZAR,S.Coop.",1,"GasparAxpe,Ibai(Cam),JuanLuis(encargado)",Vanesa,Zelaietadide-PoligonoII-Parcela2,48210,945450576,945271766,gaspar@iturrizar.com,"Direcciondeentregadelamercancia:
CarrefourErandioS.A.(Mantenimiento)
LataondoBidean?2
48950-Erandio
Bizkaia",30 días netos,
JacintoHerreroIndustrias,1,"LuisManuel****,Sr.JuanJose***,Natalia***",Vanesa,"Pol.Ind.Guarnizo,Pab.80",39611,942517083,942517080,jacintoherrero@infonegocio.com,"Direcciondeentregadelamercancia:
CarrefourErandioS.A.(Mantenimiento)
LataondoBidean?2
48950-Erandio
Bizkaia",30 días netos,
JairoDeJesusVasquezRamirez,1,,Eder,"C,Errementeria,2-2A",48150,,944532746,,"Direcciondeentregadelamercancia:
CarrefourErandioS.A.(Mantenimiento)
LataondoBidean?2
48950-Erandio
Bizkaia",30 días netos,
"JAUCAR&FILLS,S.L.",1,"Sta.Merce,Sta.Marta,Sr.JesusSala",Eder,"Pol.Ind.LaBobillac,LaBobillan?3",8550,938820039,938820208,jaucar@telefonica.net,"Direcciondeentregadelamercancia:
CarrefourErandioS.A.(Mantenimiento)
LataondoBidean?2
48950-Erandio
Bizkaia",30 días netos,
"KSBServiceSuciba,S.L.U.",1,"Sr.Oscar(encargado),Sr.Armando*****",Vanesa,"C,ArabaN?2",48180,944533866,944533962,suciba@telefonica.Net,"Direcciondeentregadelamercancia:
CarrefourErandioS.A.(Mantenimiento)
LataondoBidean?2
48950-Erandio
Bizkaia",30 días netos,
"LANDAMecanizados,S.L.",1,Sr.AntonioGarciaHerrera,Ander,Pol.Ind.Olaso15-4?Puerta-55F,20870,943056913,943206056,mecanizadoslanda@gmail.com,"Direcciondeentregadelamercancia:
CarrefourErandioS.A.(Mantenimiento)
LataondoBidean?2
48950-Erandio
Bizkaia",30 días netos,
"LANDUIndustrias,S.Coop.",1,Sr.JesusMariaLlorente,Ander,Pol.Ind.N?6-BarrioYurre,20212,943889910,943882152,landu@landu.es,"Direcciondeentregadelamercancia:
CarrefourErandioS.A.(Mantenimiento)
LataondoBidean?2
48950-Erandio
Bizkaia",30 días netos,
"LANEKOINDUSTRIAS,S.A.L.",1,Sr.JoseFelixBeregana,Ander,"Pol.Ind.Sargaiz.s,n",31840,948567162,948567103,j.beregana@laneko.es,"Direcciondeentregadelamercancia:
CarrefourErandioS.A.(Mantenimiento)
LataondoBidean?2
48950-Erandio
Bizkaia",30 días netos,
Lantegi-Batuak(TallerDerio),1,"Paule,Joserra,Vicente***,Zaloa,JavierCuadrado***",Vanesa,"ArtxandaKalea,n?8",48160,944522866,944520414ext.3308,landebi.jt@lantegi.com,"Direcciondeentregadelamercancia:
CarrefourErandioS.A.(Mantenimiento)
LataondoBidean?2
48950-Erandio
Bizkaia",30 días netos,
LANTREX,1,Sr.Anton,Vanesa,CandelaZubietan?185?D,48940,,657797005,,"Direcciondeentregadelamercancia:
CarrefourErandioS.A.(Mantenimiento)
LataondoBidean?2
48950-Erandio
Bizkaia",30 días netos,
"LEAIZ,S.L.",1,Sra.NekaneAramendi,Ander,"AnandiArea,3bajo2",20730,943150724,943157100,compras@leaiz.com,"Direcciondeentregadelamercancia:
CarrefourErandioS.A.(Mantenimiento)
LataondoBidean?2
48950-Erandio
Bizkaia",30 días netos,
"LINEKER,S.A.",1,Sr.JoseAntonioMartin,Vanesa,Pol.Ind.TranapaduraC-1,48220,946814354,946816408,tecnico@lineker.e.telefonica.net,"Direcciondeentregadelamercancia:
CarrefourErandioS.A.(Mantenimiento)
LataondoBidean?2
48950-Erandio
Bizkaia",30 días netos,
"Losada,Representaciones.",1,Sr.AlexandreLosada,Losada,LaCoruna,,981917969,695947111,alexandrelosada@mundo-r.com,"Direcciondeentregadelamercancia:
CarrefourErandioS.A.(Mantenimiento)
LataondoBidean?2
48950-Erandio
Bizkaia",30 días netos,
LumiHerramientasS.A.,1,Sr.Alfonso,Vanesa,"C,PadreLarramendi,6",48012,944335614,944433645,lumi@lumi-sa.com,"Direcciondeentregadelamercancia:
CarrefourErandioS.A.(Mantenimiento)
LataondoBidean?2
48950-Erandio
Bizkaia",30 días netos,
"LUSETalleres,S.L.",1,"Sr.LuisAndres,Sta.M?Teresa",Vanesa,"c,Moncada,9-3?Dpto.5(Recaldeberri)",48002,944431998,944433538,,"Direcciondeentregadelamercancia:
CarrefourErandioS.A.(Mantenimiento)
LataondoBidean?2
48950-Erandio
Bizkaia",30 días netos,
"MACHINTEC,S.L.",1,"Sr.MartinEizagirre,Aitor",Ander,Pol.Ind.ANARDINave4B?LASAO,20730,943811044,943157970,burniker@euskalnet.net,"Direcciondeentregadelamercancia:
CarrefourErandioS.A.(Mantenimiento)
LataondoBidean?2
48950-Erandio
Bizkaia",30 días netos,
"MafylTalleres,S.A.",1,"Sr.LuisVazquezDiaz,Sr.Fernando(hijo)",Vanesa,"TrapagaElkartegia,Pab-4.B?Ugarte,s,n",48510,944862821,944862586,fernan@izar.net,"Direcciondeentregadelamercancia:
CarrefourErandioS.A.(Mantenimiento)
LataondoBidean?2
48950-Erandio
Bizkaia",30 días netos,
"MAGNEGRAF,S.L.",1,"Sr.JuanMesa****,JordiHern?ndez",Eder,"CalleMino,120-NaveH",8227,937843420,937843004,produccion@magnegraf.net,"Direcciondeentregadelamercancia:
CarrefourErandioS.A.(Mantenimiento)
LataondoBidean?2
48950-Erandio
Bizkaia",30 días netos,
"MANITEKRecuperaciones,S.L.",1,"Sr.JoseLuis,Jon",Vanesa,"Pol.Ind.Apatta-Erreka,Pab.C-17",20400,943679842,943679842,info@manitek.com,"Direcciondeentregadelamercancia:
CarrefourErandioS.A.(Mantenimiento)
LataondoBidean?2
48950-Erandio
Bizkaia",30 días netos,
ManufacturasZETAS.L.,1,"Sr.Jakoba,Sr.PEIO",Vanesa,"BarrioOkango,s,n",48240,946827995,946827411,produccion@mzeta.com,"Direcciondeentregadelamercancia:
CarrefourErandioS.A.(Mantenimiento)
LataondoBidean?2
48950-Erandio
Bizkaia",30 días netos,
"MARENA,S.L.",1,"MarianoGracia,Lina,Pedro,Ana,Lina",Marena,"c,TomasEdison.AgrupacionNidoNave17",50014,976464272,976464273,marena@marenasl.com,"Direcciondeentregadelamercancia:
CarrefourErandioS.A.(Mantenimiento)
LataondoBidean?2
48950-Erandio
Bizkaia",30 días netos,
"MARINAHerramientas,S.L.",1,"Sr.JoseManuelLacalle,Aitor,Jorge",Marina  Htas.,"Pol.Pacomaco,c,1-Parcela-NaveF.15-16-B",15190,981175779,981175774,marinaherramientas@gmail.com,"Direcciondeentregadelamercancia:
CarrefourErandioS.A.(Mantenimiento)
LataondoBidean?2
48950-Erandio
Bizkaia",30 días netos,
"MDS,MaquinasdeSoplado,S.L.",1,Sr.JavierArizmendi,Ander,"Lau-Bide,15Bajo",20230,,943731209,maquinasdesoplado@telefonica.net,"Direcciondeentregadelamercancia:
CarrefourErandioS.A.(Mantenimiento)
LataondoBidean?2
48950-Erandio
Bizkaia",30 días netos,
Mecacontrol,1,Sr.David,Eder,Fitero,,,,,"Direcciondeentregadelamercancia:
CarrefourErandioS.A.(Mantenimiento)
LataondoBidean?2
48950-Erandio
Bizkaia",30 días netos,
"MECANICATORREKUA,S.L.",1,Sr.JavierHernandez,Ander,"TORREKUA,3",20600,943820194,943820300,jhernandez@alfalan.es,"Direcciondeentregadelamercancia:
CarrefourErandioS.A.(Mantenimiento)
LataondoBidean?2
48950-Erandio
Bizkaia",30 días netos,
MecanizadosGINES,1,"DiegoPresa,RubenGonzalez,MaraDelbarrio",Eder,"Pol.Ind.deBayas
c,Oron,4",9200,,947347252,jesus.molinero@mgines.es,"Direcciondeentregadelamercancia:
CarrefourErandioS.A.(Mantenimiento)
LataondoBidean?2
48950-Erandio
Bizkaia",30 días netos,
MecanizadosAlsasuaS.L.,1,Sr.EderLazkano,Ander,"Pol.Ind.IBARREA,s,n",31800,948468002,948467625,mecalsa@ghsa.com,"Direcciondeentregadelamercancia:
CarrefourErandioS.A.(Mantenimiento)
LataondoBidean?2
48950-Erandio
Bizkaia",30 días netos,
MecanizadosBasauriS.L.,1,FernandoGarcia,Vanesa,AvenidaCervantes51,48970,944407812,944497127,,"Direcciondeentregadelamercancia:
CarrefourErandioS.A.(Mantenimiento)
LataondoBidean?2
48950-Erandio
Bizkaia",30 días netos,
MecanizadosIndustrialesRaos,1,Sr.LuisLorenzoVicente,Vanesa,"Pol.Ind.DeRaos,Parcelan?7-D8",39600,942369311,942369013,luislorenz@bbvnet.com,"Direcciondeentregadelamercancia:
CarrefourErandioS.A.(Mantenimiento)
LataondoBidean?2
48950-Erandio
Bizkaia",30 días netos,
"MecanizadosNorteBravo,S.L.",1,"FerminTremino,Sr.Guillermo***,RobertoRenteria",Eder,"Pol.Ind.B?Marron,s,n",39840,942634116,942628499,gmaza@bravo-e.com,"Direcciondeentregadelamercancia:
CarrefourErandioS.A.(Mantenimiento)
LataondoBidean?2
48950-Erandio
Bizkaia",30 días netos,
MecanizadosRobertoCadenasS.L.,1,"Sr.Inaki,Sr.Oscar",Ander,"c,OyalumeBidea55.BarriodeErgobia",20115,943556962,943555612,,"Direcciondeentregadelamercancia:
CarrefourErandioS.A.(Mantenimiento)
LataondoBidean?2
48950-Erandio
Bizkaia",30 días netos,
MecanizadosTameS.A.L.,1,,Vanesa,ParqueEmpresarialEssernavesN-S4y5,20850,943200442,943206759,,"Direcciondeentregadelamercancia:
CarrefourErandioS.A.(Mantenimiento)
LataondoBidean?2
48950-Erandio
Bizkaia",30 días netos,
"MecanizadosTar,S.L.",1,"Sr.InakiArretxe,Sr.ImanolUdabe***,Pedro***",Ander,"Pol.Ind.Sansinenea,Parcela1-10",20749,943897312,943897306,i.udabe@mekatar.com,"Direcciondeentregadelamercancia:
CarrefourErandioS.A.(Mantenimiento)
LataondoBidean?2
48950-Erandio
Bizkaia",30 días netos,
MEIBE,1,"Sr.JoseManuel,JoseMaria",Vanesa,"B?delaAgueras,n",39409,942814324,942814324,meibe@yconos.com,"Direcciondeentregadelamercancia:
CarrefourErandioS.A.(Mantenimiento)
LataondoBidean?2
48950-Erandio
Bizkaia",30 días netos,
MEST,1,Sr.JoseManuelGuillen,Vanesa,Pol.Ind.IGORREPab.C1yC2,48140,946319178,946315500,calidad@mest.es<calidad@mest.es>t,"Direcciondeentregadelamercancia:
CarrefourErandioS.A.(Mantenimiento)
LataondoBidean?2
48950-Erandio
Bizkaia",30 días netos,
"Met-Meka,S.L.",1,"CristobalGonzalez,TransiNieto,Esteban***",Ander,"ZumarragakoIndustrialdea,Pab-56",20700,943726029,943725478,met-meka@met-meka.com,"Direcciondeentregadelamercancia:
CarrefourErandioS.A.(Mantenimiento)
LataondoBidean?2
48950-Erandio
Bizkaia",30 días netos,
MetalurgicaBolueta,1,"Sr.Tomas,Sr.JavierPerez***",Vanesa,"BarrioBekea,7-A",48960,944570785,944571000,compras@bolueta.com,"Direcciondeentregadelamercancia:
CarrefourErandioS.A.(Mantenimiento)
LataondoBidean?2
48950-Erandio
Bizkaia",30 días netos,
"MetalurgicaMarina,S.A.",1,"Sr.RogelioGuerrero,JavierTrevilla",Vanesa,"c,JoseLuisGoyoaga,38",48950,944676882,944671200,marina@metalurgicamarina.com,"Direcciondeentregadelamercancia:
CarrefourErandioS.A.(Mantenimiento)
LataondoBidean?2
48950-Erandio
Bizkaia",30 días netos,
METNOR,1,Sta.Maria,Vanesa,"Pol.Ind.DeHeras,Parcela131",39729,942541935,942540204,,"Direcciondeentregadelamercancia:
CarrefourErandioS.A.(Mantenimiento)
LataondoBidean?2
48950-Erandio
Bizkaia",30 días netos,
"MEVASA.MetalurgicaVat,S.A.",1,"FlorencioMulas,InakiAbrisketa",Vanesa,"Pol.Ind.Ugaldeguren,I-BarrioSanMames,s,n",48170,944710020,944532562,,"Direcciondeentregadelamercancia:
CarrefourErandioS.A.(Mantenimiento)
LataondoBidean?2
48950-Erandio
Bizkaia",30 días netos,
"MIPRE,S.A.",1,"Sr.OscarGarcia*****,CarlosElecaldeAcebal",Vanesa,"PortaldeVergara,25",1013,945128199,945274244,tecnica@mipre.es,"Direcciondeentregadelamercancia:
CarrefourErandioS.A.(Mantenimiento)
LataondoBidean?2
48950-Erandio
Bizkaia",30 días netos,
"ModelosLaIbarresa,S.L.",1,"Sr.Josetxu,Ibai",Ander,"c,Errekatxu,13-Bajo",20600,943202435,943202435,modlaeibarresa@euskalnet.net,"Direcciondeentregadelamercancia:
CarrefourErandioS.A.(Mantenimiento)
LataondoBidean?2
48950-Erandio
Bizkaia",30 días netos,
"ModelosOlatxabi,S.L.",1,Sr.TomasCampoVilloria,Ander,Pol.Ind.Igartualdea.Pab.SS3,20850,943747317,943756200,olatxabi@telefonica.net,"Direcciondeentregadelamercancia:
CarrefourErandioS.A.(Mantenimiento)
LataondoBidean?2
48950-Erandio
Bizkaia",30 días netos,
"MOLDCAMUTILLAJES,S.L",1,"IgnacioArzamendi,InakiEsnaola,Alvarez*****",Ander,"Avda.deAlava,11",20500,943799242,943793411,ofic.tecnica@moldcam.es,"Direcciondeentregadelamercancia:
CarrefourErandioS.A.(Mantenimiento)
LataondoBidean?2
48950-Erandio
Bizkaia",30 días netos,
"MOLTEGIMatriceria,S.A.L.",1,Sr.OscarBecares,Vanesa,"c,Vitorialanda,11",1010,945221403,945200536,moltegi@jet.es,"Direcciondeentregadelamercancia:
CarrefourErandioS.A.(Mantenimiento)
LataondoBidean?2
48950-Erandio
Bizkaia",30 días netos,
MONDRAGONGOIESKOLAPOLITEKNIKOA,1,"PatxiAriztimuno,Iratxeagirre,Andoni,Endika,Mikel",Ander,"LoramendiKalea,4",20500,943791536,943794700ext.214,paristimuno@eps.mondragon.edu,"Direcciondeentregadelamercancia:
CarrefourErandioS.A.(Mantenimiento)
LataondoBidean?2
48950-Erandio
Bizkaia",30 días netos,
MSTCorporation,1,Mr.Tsutsumi,Eder,1738KitataharakomaNara630-0142,,,,,"Direcciondeentregadelamercancia:
CarrefourErandioS.A.(Mantenimiento)
LataondoBidean?2
48950-Erandio
Bizkaia",30 días netos,
NACHERMECANIZADOS,1,Sr.JuanRamonNacherBallester,Eder,"c)IslasCanarias,9P.I.FuentedelJarro2?Fase",46988,,961324956,,"Direcciondeentregadelamercancia:
CarrefourErandioS.A.(Mantenimiento)
LataondoBidean?2
48950-Erandio
Bizkaia",30 días netos,
NOFERImportacionesS.L.,1,Sr.FernandoGuio,Eder,"ValledelTormes2,Local37.(LasLomas)",28669,916331528,916325738,fguio@imponofer.com,"Direcciondeentregadelamercancia:
CarrefourErandioS.A.(Mantenimiento)
LataondoBidean?2
48950-Erandio
Bizkaia",30 días netos,
NORICUMS.L,1,Sr.Iker,Vanesa,"c,BlascodeGaray,34-ESCALERA3B",28015,,,,"Direcciondeentregadelamercancia:
CarrefourErandioS.A.(Mantenimiento)
LataondoBidean?2
48950-Erandio
Bizkaia",30 días netos,
"OSINTXUMECANIZADOS,S.L",1,"Sr.Javier,Sr.Raul,Sr.Mikel",Ander,"B?OSINTXU,s,n",20570,943765695,943760565,topac@topac.es,"Direcciondeentregadelamercancia:
CarrefourErandioS.A.(Mantenimiento)
LataondoBidean?2
48950-Erandio
Bizkaia",30 días netos,
PERMESABERRIAS.L.L.,1,"Begona,Alfonso****,Fernando,JonZabala",Vanesa,"Pol.Ind.Igeltzera.
BarrikakoBidea,4",48610,946760107,946760061,jcm@permesaberria.es,"Direcciondeentregadelamercancia:
CarrefourErandioS.A.(Mantenimiento)
LataondoBidean?2
48950-Erandio
Bizkaia",30 días netos,
PLASTICOSCASTELLA,1,"Sr.JuanGarcia,NeusSanz,AlbertoRovere",Antonio Lopez,"CaminoArenes,s,n",43500,977046629,977440492,nsanz@plasticoscastella.com,"Direcciondeentregadelamercancia:
CarrefourErandioS.A.(Mantenimiento)
LataondoBidean?2
48950-Erandio
Bizkaia",30 días netos,
PLASTINKAS.A.,1,"Sr.LuisEizagirre,JuanMari",Ander,"Etxezarretaindustrialdea,15-17",20749,943148042,943897238,matriceria@plastinka.es,"Direcciondeentregadelamercancia:
CarrefourErandioS.A.(Mantenimiento)
LataondoBidean?2
48950-Erandio
Bizkaia",30 días netos,
"PMGPolmetasa,S.A.U",1,"PatxiSalillas,Sr.Eloy**,Sr.MikelLasa*****",Ander,"UribarriEtorbidea,36",20500,943771392,943771212,psalillas@pmgsinter.com,"Direcciondeentregadelamercancia:
CarrefourErandioS.A.(Mantenimiento)
LataondoBidean?2
48950-Erandio
Bizkaia",30 días netos,
"PrecisionMecanicaSalma,S.A.",1,Sr.Joan,Salma,"Ctra.DeLaPobla,221-PolInd.PlaRigat",8788,,938070612,,"Direcciondeentregadelamercancia:
CarrefourErandioS.A.(Mantenimiento)
LataondoBidean?2
48950-Erandio
Bizkaia",30 días netos,
"ProductosdeDise?oeIngenieria,S.L.",1,Sr.LorenzoMateo,Ander,"c,LopedeIrigoyen12,Local8",20301,943618099,943666052,lorenzo@prodising.com,"Direcciondeentregadelamercancia:
CarrefourErandioS.A.(Mantenimiento)
LataondoBidean?2
48950-Erandio
Bizkaia",30 días netos,
"PROINYEC,S.L.",1,"Sr.Urtzi,Mariano,Eduardo",Vanesa,Pol.Ind.ErletxesPlataformaA0-Nave16-17,48960,946314371,946313537,o.tecnica@proinyec.es,"Direcciondeentregadelamercancia:
CarrefourErandioS.A.(Mantenimiento)
LataondoBidean?2
48950-Erandio
Bizkaia",30 días netos,
RAIZE,1,"Sr.GorkaSorreluz,ModestoUnanue,IkerAzkune",Ander,Pol.Ind.ANARDI.Pab7-A,20730,943157975,943810407,raize@raize.es,"Direcciondeentregadelamercancia:
CarrefourErandioS.A.(Mantenimiento)
LataondoBidean?2
48950-Erandio
Bizkaia",30 días netos,
"RECYDE,S.A.",1,Sr.MiguelAngelRodriguez,Ander,Pol.Ind.Pagatza,20690,943789010,943788000,mrodriguez@cieautomotive.es,"Direcciondeentregadelamercancia:
CarrefourErandioS.A.(Mantenimiento)
LataondoBidean?2
48950-Erandio
Bizkaia",30 días netos,
RECYDE.DivisionElectrodomesticos,1,Sr.JuanLuisAranzabal,Ander,Pol.Ind.Pagatza,20690,943788141,943788005,jlaranzabal@cieautomotive.com,"Direcciondeentregadelamercancia:
CarrefourErandioS.A.(Mantenimiento)
LataondoBidean?2
48950-Erandio
Bizkaia",30 días netos,
"Rega,MatriceriaS.L.",1,"Sr.JuanJoseArruti,Sr.Gorka,Sr.JuanBarro",Vanesa,Pol.Ind.Erletxes.PlataformaD-Nave8,48960,944563004,944563000,matrirega@infonegocio.com,"Direcciondeentregadelamercancia:
CarrefourErandioS.A.(Mantenimiento)
LataondoBidean?2
48950-Erandio
Bizkaia",30 días netos,
RoscadosKobi,1,"Sr.Avelino,Sta.Juani",Vanesa,Pol.Ind.Eituan?26,48240,946225454,946824768,roscadoskobi@terra.es,"Direcciondeentregadelamercancia:
CarrefourErandioS.A.(Mantenimiento)
LataondoBidean?2
48950-Erandio
Bizkaia",30 días netos,
"ROTHENBERGER,S.APlantadeVitoria",1,Sr.Guinea,Vanesa,"Pol.Ind.DeBetono.C,Capelamendi,22",1015,,945121747,gartegi@rothenberger.es,"Direcciondeentregadelamercancia:
CarrefourErandioS.A.(Mantenimiento)
LataondoBidean?2
48950-Erandio
Bizkaia",30 días netos,
"ROTHENBERGER,S.APlantadeAbadiano",1,"Sr.JesusLadislao,JoseLuisMuniozguren",Vanesa,"Ctra.Durango-Elorrio,Km.2",48220,946210131,946210100,ingenieria@rothenberger.es,"Direcciondeentregadelamercancia:
CarrefourErandioS.A.(Mantenimiento)
LataondoBidean?2
48950-Erandio
Bizkaia",30 días netos,
ROYCERSuministrosIndustriales.S.L,1,Sr.RafaelCasero,Roycer,"c,MarcelinoOreja,n?9",48010,944214426,944104114,roycer@roycerindustrial.com,"Direcciondeentregadelamercancia:
CarrefourErandioS.A.(Mantenimiento)
LataondoBidean?2
48950-Erandio
Bizkaia",30 días netos,
"SAGAR,SuministrosdeHerramientas",1,"Sr.RafaelGarciaDominguez,MariaJose",SAGAR,"C,JoseAlegreRubio,36",46183,961656111,962725083,rafael.garcia@sagarsl.com,"Direcciondeentregadelamercancia:
CarrefourErandioS.A.(Mantenimiento)
LataondoBidean?2
48950-Erandio
Bizkaia",30 días netos,
"SanBlas,UtillajesTroqueles",1,Sr.Cecilio,Vanesa,"B?deEubas,n",48340,946733161,946300727,,"Direcciondeentregadelamercancia:
CarrefourErandioS.A.(Mantenimiento)
LataondoBidean?2
48950-Erandio
Bizkaia",30 días netos,
"SANMIGUEL,MecanizacionesS.L.",1,"Sta.Begona,Angel,Oscar,Jaione",Vanesa,"Pol.Ind.Berreteaga,12-A",48150,944710605,944531705,info@tgalindo.com,"Direcciondeentregadelamercancia:
CarrefourErandioS.A.(Mantenimiento)
LataondoBidean?2
48950-Erandio
Bizkaia",30 días netos,
SantaAnaDeBoluetaGrindingMediaS.A.,1,Sr.IgnacioAstola,Vanesa,"c,Telleria,1",48004,944597120,944112100,Ignacio.astola@sabo.es,"Direcciondeentregadelamercancia:
CarrefourErandioS.A.(Mantenimiento)
LataondoBidean?2
48950-Erandio
Bizkaia",30 días netos,
SARABIASuministrosIndustrial,1,Sr.ManuelSarabiaEzkerra,Sarabia,"C,PoetaMiguelHernandez,21",39610,942558033,942558699,sarabia@interbook.net,"Direcciondeentregadelamercancia:
CarrefourErandioS.A.(Mantenimiento)
LataondoBidean?2
48950-Erandio
Bizkaia",30 días netos,
SARRALLEEquiposSiderurgicosS.L.,1,Sr.JoseIgnacioSesma,Ander,B?Landeta,20730,943157290,943157088,sesma@sarralle.com,"Direcciondeentregadelamercancia:
CarrefourErandioS.A.(Mantenimiento)
LataondoBidean?2
48950-Erandio
Bizkaia",30 días netos,
SebastianSalazarSuministrosS.A.,1,Sr.SebastianSalazar,Eder,"C,SauPaulo,1UrbanizacionSebadal",35008,928462269,928467629,salazar@sebastiansalazar.com,"Direcciondeentregadelamercancia:
CarrefourErandioS.A.(Mantenimiento)
LataondoBidean?2
48950-Erandio
Bizkaia",30 días netos,
SIDENOR,1,"Sr.JoseMejuto,Sr.AngelZubia",Vanesa,Pol.Ind.Etxebarri,48970,944871621,944871792,,"Direcciondeentregadelamercancia:
CarrefourErandioS.A.(Mantenimiento)
LataondoBidean?2
48950-Erandio
Bizkaia",30 días netos,
"SISFLE,S.A.",1,"Sra.IreneMunitxa,Sr.Inigo",Ander,"Pol.Ind.Olaso.OlasoKalea,45",20870,943748196,943748040,sisfle@sisfle.com,"Direcciondeentregadelamercancia:
CarrefourErandioS.A.(Mantenimiento)
LataondoBidean?2
48950-Erandio
Bizkaia",30 días netos,
SISTEMASFERROVIARIOSJEZ,1,Sr.RobertoGortazarUrbieta,Vanesa,"c,Arantzar,s,n",1400,946720092,946721200,rgortazar@jez.es,"Direcciondeentregadelamercancia:
CarrefourErandioS.A.(Mantenimiento)
LataondoBidean?2
48950-Erandio
Bizkaia",30 días netos,
"SISTEMODEL,S.L.",1,"Sr.AndresMiron,M?Angeles",Vanesa,Pol.Ind.Igeltzera.PabD-7,48610,944710241,946401229,andresm@sistemodel.com,"Direcciondeentregadelamercancia:
CarrefourErandioS.A.(Mantenimiento)
LataondoBidean?2
48950-Erandio
Bizkaia",30 días netos,
SKILFORS.L.,1,Sr.JesusAlejandre,Vanesa,"Pol.Ind.LezamaLegizamonC,B-17",48004,944401511,944261289,skilfor@skilfor.e.telefonica.net,"Direcciondeentregadelamercancia:
CarrefourErandioS.A.(Mantenimiento)
LataondoBidean?2
48950-Erandio
Bizkaia",30 días netos,
"SOCOTALLERES,S.L.",1,"Sr.EduardoSantesteban,Eder",Ander,"Ctra.Zizur-Belascoain,Km.5",31190,948353112,948353065,t-soco@t-soco.com,"Direcciondeentregadelamercancia:
CarrefourErandioS.A.(Mantenimiento)
LataondoBidean?2
48950-Erandio
Bizkaia",30 días netos,
"SPASA,IndustriaAeronautica",1,CarlosSanzTudanca*****,Vanesa,"Pol.Ind.Lacorzanilla,s,n",1211,945337176,945337030,carlos.sanz@aciturri.com,"Direcciondeentregadelamercancia:
CarrefourErandioS.A.(Mantenimiento)
LataondoBidean?2
48950-Erandio
Bizkaia",30 días netos,
"SUMEC,S.L.",1,"Sr.JuanSterlich,Alexis",Eder,Pol.Ind.LasGuiserasPlazadelVaporN?7L.A,8915,933833750,933993015,,"Direcciondeentregadelamercancia:
CarrefourErandioS.A.(Mantenimiento)
LataondoBidean?2
48950-Erandio
Bizkaia",30 días netos,
SuministrosIbaiondoS.L.,1,Sr.PedroAzkarate,Ibaiondo,"c,Perlabea,3-Arroyabe",1520,945299946,945299946,elurzu@hotmail.com,"Direcciondeentregadelamercancia:
CarrefourErandioS.A.(Mantenimiento)
LataondoBidean?2
48950-Erandio
Bizkaia",30 días netos,
SuministrosJugarS.L.,1,Sr.SantiagoGarcia,Eder,"c,PinoCentral,50",41016,,954997139,,"Direcciondeentregadelamercancia:
CarrefourErandioS.A.(Mantenimiento)
LataondoBidean?2
48950-Erandio
Bizkaia",30 días netos,
"SuministrosSebastianSalazar,S.A.",1,Sr.SebastianSalazar,Eder,"C,SauPaulo,1UrbanizacionSebadal",35008,928462269,928467629,salazar@sebastiansalazar.com,"Direcciondeentregadelamercancia:
CarrefourErandioS.A.(Mantenimiento)
LataondoBidean?2
48950-Erandio
Bizkaia",30 días netos,
"SuministrosTalleresFernandez,S.L.",1,"Sr.JavierFernandez,Sta.Maribel",Fernadez,"c,JoanotMartorell,31",8203,937121347,937116455,,"Direcciondeentregadelamercancia:
CarrefourErandioS.A.(Mantenimiento)
LataondoBidean?2
48950-Erandio
Bizkaia",30 días netos,
"SUOJA,S.L.",1,"Sr.AntonioUyarra,Francisco,Javier,Oscar",SUOJA,"Pol.Ind.LaPortalada.C,Seron,31",26006,941240088,941258080,suoja@suministrosoja.com,"Direcciondeentregadelamercancia:
CarrefourErandioS.A.(Mantenimiento)
LataondoBidean?2
48950-Erandio
Bizkaia",30 días netos,
SWISSLAN,1,"Sr.Antxon,Sr.Angel",Ander,"PoligonoSigma
XiXilionN?4-Pabellon2",20870,943748866,943748866,antton@swisslan.es,"Direcciondeentregadelamercancia:
CarrefourErandioS.A.(Mantenimiento)
LataondoBidean?2
48950-Erandio
Bizkaia",30 días netos,
T.T.E.SRL,1,,Eder,ViaSanRocco37,23868,,,,"Direcciondeentregadelamercancia:
CarrefourErandioS.A.(Mantenimiento)
LataondoBidean?2
48950-Erandio
Bizkaia",30 días netos,
"TallerSebastia&Josep,S.L.",1,,Antonio Lopez,"C,Calvari,s,n",43870,977704615,977704615,,"Direcciondeentregadelamercancia:
CarrefourErandioS.A.(Mantenimiento)
LataondoBidean?2
48950-Erandio
Bizkaia",30 días netos,
"TALLERESFELAS,S.A.",1,"Sr.FelipeVelar,Sr.Joseba****",Vanesa,"BarrioZabalondo,s,n",48100,946744050,946155844,administracion@felas.eu,"Direcciondeentregadelamercancia:
CarrefourErandioS.A.(Mantenimiento)
LataondoBidean?2
48950-Erandio
Bizkaia",30 días netos,
"TalleresHILFA,S.L.",1,Sr.ManuelHernandezRayo,Vanesa,"BarriodeArteaga,12SanMiguel",48970,944260860,944493750,,"Direcciondeentregadelamercancia:
CarrefourErandioS.A.(Mantenimiento)
LataondoBidean?2
48950-Erandio
Bizkaia",30 días netos,
"TalleresMufer,S.L.",1,"Sr.JonFernandezBeitia,Sr.Aitor",Vanesa,PortuBidea12Pab4y5,48150,944710446,944530152,jon@mufercnc.com,"Direcciondeentregadelamercancia:
CarrefourErandioS.A.(Mantenimiento)
LataondoBidean?2
48950-Erandio
Bizkaia",30 días netos,
"TalleresMu?oz,S.A.",1,"Sr.Ramon,Sr.Munoz,Sta.Gema",Ander,"Pol.Ind.Ondarria,s,n",31800,948563708,948562902,tamunoz@talleresmunoz.es,"Direcciondeentregadelamercancia:
CarrefourErandioS.A.(Mantenimiento)
LataondoBidean?2
48950-Erandio
Bizkaia",30 días netos,
TALLERESRONTEGIS.COOP.,1,KARMELOLEKUE,Vanesa,"TRAVESIADELOSESPINOS,4",48014,944750529,944750529,,"Direcciondeentregadelamercancia:
CarrefourErandioS.A.(Mantenimiento)
LataondoBidean?2
48950-Erandio
Bizkaia",30 días netos,
TAMALSA,1,"Sr.FernadoSaiz,AnaVegas",Vanesa,"Pol.Ind.Ugarte,F1-B?Barrondo",48480,946713465,946711814,valvulas@pekos.es,"Direcciondeentregadelamercancia:
CarrefourErandioS.A.(Mantenimiento)
LataondoBidean?2
48950-Erandio
Bizkaia",30 días netos,
"TAPEM,S.A.",1,"Sr.JoseLuisUrien,AitorAramburu,Martin****",Ander,"Pol.Ind.Pagatza,1-SailaA",20690,943768243,943789031,ofitec@tapem.com,"Direcciondeentregadelamercancia:
CarrefourErandioS.A.(Mantenimiento)
LataondoBidean?2
48950-Erandio
Bizkaia",30 días netos,
"TECEIN,S.A.",1,Sr.CesarMenendezCimiano,Eder,"Pol.Ind.SanCristobalC,Topacio,4B-Nave,6",47012,983290201,983290011,c.menendez@tecein.es,"Direcciondeentregadelamercancia:
CarrefourErandioS.A.(Mantenimiento)
LataondoBidean?2
48950-Erandio
Bizkaia",30 días netos,
TEFESASuministrosIndustriales,1,"Sr.AntonioTeruel,PabloRibera",Eder,"Avda.PerisyValero,46",46006,963738463,963746544,tefesa@sinix.net,"Direcciondeentregadelamercancia:
CarrefourErandioS.A.(Mantenimiento)
LataondoBidean?2
48950-Erandio
Bizkaia",30 días netos,
"TMG,TalleresMecanicosGalicia",1,Sr.ManuelDerungs,"Losada, Representaciones.","Pol.Ind.RiodoPozoc,Ceramistas,Parcelas42-45",15672,981330974,981311573,,"Direcciondeentregadelamercancia:
CarrefourErandioS.A.(Mantenimiento)
LataondoBidean?2
48950-Erandio
Bizkaia",30 días netos,
"TOBE,S.L.",1,"Sr.JosuEtxabe,Sta.Eva",Ander,"c,Telleria,17-Pab.A3.Apdo.25",20570,943765299,943764041,tobe@euskalnet.net,"Direcciondeentregadelamercancia:
CarrefourErandioS.A.(Mantenimiento)
LataondoBidean?2
48950-Erandio
Bizkaia",30 días netos,
"TOPACHammer,S.L.",1,"Sr.MikelGallastegi,Javier,Raul",Ander,"B?Osintxu,s,n",20570,943765695,943760565,topac@topac.es,"Direcciondeentregadelamercancia:
CarrefourErandioS.A.(Mantenimiento)
LataondoBidean?2
48950-Erandio
Bizkaia",30 días netos,
TORVIGOS.Industriales,1,Sr.SegundoCajideVal,Eder,"Pol.Ind.SeixinosBloq3,Nave7",36312,986482424,986493164,torvigo@torvigo.es,"Direcciondeentregadelamercancia:
CarrefourErandioS.A.(Mantenimiento)
LataondoBidean?2
48950-Erandio
Bizkaia",30 días netos,
TRAMEBISA,1,"Sr.AlfredoViana,Sta.Leyre",Vanesa,"Pol.Ind.Torrelarragoitis,n",48170,944522733,944522833,tramebisa@tramebisa.es,"Direcciondeentregadelamercancia:
CarrefourErandioS.A.(Mantenimiento)
LataondoBidean?2
48950-Erandio
Bizkaia",30 días netos,
"TROBIKAAUZOA,S.L.",1,Sr.PatxiMartin,Trobika,"Pol.Ind.Trobika.c,Etxatxu-Nave2",48100,946743765,946743734,patxmartin@hotmail.com,"Direcciondeentregadelamercancia:
CarrefourErandioS.A.(Mantenimiento)
LataondoBidean?2
48950-Erandio
Bizkaia",30 días netos,
"TROMEJA,S.L.U.",1,Sr.JavierAparicio,Vanesa,Pol.Ind.GoitondoBekoaNaveN?4,48269,943208437,943208437,tromeja@telefonica.net,"Direcciondeentregadelamercancia:
CarrefourErandioS.A.(Mantenimiento)
LataondoBidean?2
48950-Erandio
Bizkaia",30 días netos,
TroqueleriaIMM.,1,Sr.JoseRamonUrkiza,Vanesa,"Pol.Ind.Ugarte-Pab,FELICES.Ctra,ELJUNCAL",48510,944862381,944243416,tecnica@troqueleriaimm.com,"Direcciondeentregadelamercancia:
CarrefourErandioS.A.(Mantenimiento)
LataondoBidean?2
48950-Erandio
Bizkaia",30 días netos,
TROQUEVI,1,Sr.RobertoArevaloLarrea,Vanesa,Pol.Ind.ElCampillo.Pab.25,48500,944935661,944613562,oftec@troquevi.es,"Direcciondeentregadelamercancia:
CarrefourErandioS.A.(Mantenimiento)
LataondoBidean?2
48950-Erandio
Bizkaia",30 días netos,
"TXIMI,Talleres,S.A.",1,Sr.AlainMedina,Ander,"Ctra.SanLorenzo,25",20870,943744335,943741043,alain@tximi.com,"Direcciondeentregadelamercancia:
CarrefourErandioS.A.(Mantenimiento)
LataondoBidean?2
48950-Erandio
Bizkaia",30 días netos,
"UGARTEBURU,S.A.",1,"EduardoUribe,MikelUribe,AngelUribe****",Vanesa,Pol.Ind.Goitondo,48269,943171192,943171512,eduardouribe@ugarteburu.com,"Direcciondeentregadelamercancia:
CarrefourErandioS.A.(Mantenimiento)
LataondoBidean?2
48950-Erandio
Bizkaia",30 días netos,
UNIONTOOLEUROPES.A.,1,Sr.ManuelMagalhaes,Eder,AvenuedesChamps-Montants14A,2074,41327566634,41327566633,,"Direcciondeentregadelamercancia:
CarrefourErandioS.A.(Mantenimiento)
LataondoBidean?2
48950-Erandio
Bizkaia",30 días netos,
"UROLA,S.Coop.",1,"Sr.EmilianoPeiroten,Borja",Ander,"UrolaKalea,s,n",20230,943737151,943730925,epeiroten@urola.com,"Direcciondeentregadelamercancia:
CarrefourErandioS.A.(Mantenimiento)
LataondoBidean?2
48950-Erandio
Bizkaia",30 días netos,
Urretxu.S.L.L.,1,Sta.Lorena,Ander,"Ctra.Urretxu-Legazpia,Km.1",20700,943721494,943721000,,"Direcciondeentregadelamercancia:
CarrefourErandioS.A.(Mantenimiento)
LataondoBidean?2
48950-Erandio
Bizkaia",30 días netos,
"UTINGAL,S.L.",1,Sr.Emilio,"Losada, Representaciones.",ParqueEmpresarialAreas2?Fase-Parcela63,36711,986607276,986607273,cdp@utingal.es,"Direcciondeentregadelamercancia:
CarrefourErandioS.A.(Mantenimiento)
LataondoBidean?2
48950-Erandio
Bizkaia",30 días netos,
"VILLAJIMTalleres,S.L.",1,"Sr.Jesus,Sta.Eva",Vanesa,"c,Zubibarri,9-Mod.BPab.-1",1013,945273271,945272688,jesus.villajim@euskalnet.net,"Direcciondeentregadelamercancia:
CarrefourErandioS.A.(Mantenimiento)
LataondoBidean?2
48950-Erandio
Bizkaia",30 días netos,
"WERHAHNPROVIDER,SCP",1,Sr.JoaquinSiles,Eder,"C,DeLasTorres,97-103Esc.10",8042,932762877,,,"Direcciondeentregadelamercancia:
CarrefourErandioS.A.(Mantenimiento)
LataondoBidean?2
48950-Erandio
Bizkaia",30 días netos,
"XUBIENGRANAJES,S.L.",1,"Sr.Ugalde,Sr.Ekain,Andoni",Ander,"Pol.Ind.Umansoro,s,n",20720,943850074,943850358,aitor@xubi.com,"Direcciondeentregadelamercancia:
CarrefourErandioS.A.(Mantenimiento)
LataondoBidean?2
48950-Erandio
Bizkaia",30 días netos,
"ZAHER,S.A.",1,"Sr.JesusM?,Sr.Inaki(Hta),Sr.Gorka(CNC)",Ander,Pol.Ind.Olaso.OlasopeKalea16,20870,943743616,943740515,jon@zaher.es,"Direcciondeentregadelamercancia:
CarrefourErandioS.A.(Mantenimiento)
LataondoBidean?2
48950-Erandio
Bizkaia",30 días netos,
ZORROTZLegazpiS.L.L.,1,"JokinMakibar,CarlosBenitez****,XabierRipa",Ander,"BarrioOlaberria,7",20230,943730975,943730950,jokin@zorrotz.com,"Direcciondeentregadelamercancia:
CarrefourErandioS.A.(Mantenimiento)
LataondoBidean?2
48950-Erandio
Bizkaia",30 días netos,
"ZUBACOR,S.L",1,"Sr.PatxiBeitia,LucioBeitia(padre)",Ander,IbaitarteKalea11Aptdo.50,20870,943742666,943740844,zubacor@zubacor.com,"Direcciondeentregadelamercancia:
CarrefourErandioS.A.(Mantenimiento)
LataondoBidean?2
48950-Erandio
Bizkaia",30 días netos,
ZUBIOLAS.COOP.,1,Sta.LuciaCura,Ander,"BarrioLandeta,s,n",20730,943150026,943157056,,"Direcciondeentregadelamercancia:
CarrefourErandioS.A.(Mantenimiento)
LataondoBidean?2
48950-Erandio
Bizkaia",30 días netos,
